graph_id,source_node,target_node,weight
0,0,1,0.34833304322053915
0,0,2,0.6271383399223771
0,0,7,0.21529089297603302
0,0,10,0.7154170421786399
0,1,3,0.833266698557916
0,1,4,0.7453824759086981
0,1,5,0.1977043178452782
0,2,4,0.11570913627906193
0,2,6,0.46262029741590105
0,2,8,0.30654062428518425
0,2,9,0.662559041605012
0,3,5,0.24160795145887143
0,3,6,0.45815057821861227
0,4,11,0.5363417311129938
0,5,8,0.3443154060321908
0,6,9,0.4598747002570195
0,7,9,0.288702359021209
0,8,11,0.7510992961707691
0,9,11,0.8464446706557988
0,10,11,0.5716528132378538
1,0,1,0.7658193395772775
1,0,2,0.4827007961892442
1,0,3,0.24592786638448721
1,0,6,0.5339605379508593
1,0,10,0.5381375642652512
1,1,7,0.48285561258153553
1,2,5,0.5955119968205344
1,2,8,0.9403043217152617
1,2,9,0.3010633694446743
1,3,4,0.8515036197013736
1,4,9,0.5064102196948198
1,5,7,0.41933376572973957
1,5,9,0.2698656118599376
1,6,8,0.3981554150539781
1,7,8,0.8893203892165398
1,7,9,0.5334385032622229
1,8,9,0.7907245824476321
1,9,11,0.2289996098592332
1,10,11,0.8021569402224016
2,0,1,0.26301363781993103
2,0,2,0.24353588462885895
2,0,9,0.8680446277852268
2,0,10,0.274681169820718
2,1,3,0.22374077570665352
2,1,4,0.8364928601554273
2,1,6,0.9769075729382776
2,2,6,0.16823975299302574
2,3,5,0.4891014628434208
2,4,6,0.40894365569548685
2,4,8,0.3311472777357609
2,5,7,0.19682912375579217
2,5,8,0.9198892220938557
2,6,11,0.13689656667110817
2,7,11,0.3157156305641903
2,8,11,0.9928997825516409
2,9,11,0.9443265558370854
2,10,11,0.20399192360925977
3,0,1,0.28459956548949383
3,0,2,0.9949761014804342
3,0,3,0.780818402646884
3,0,10,0.6753592773963382
3,1,4,0.5473142915885181
3,1,5,0.16130917683473664
3,1,7,0.2859367580767682
3,2,5,0.4000769600485601
3,2,6,0.16794390624854966
3,2,9,0.9508654513771284
3,3,9,0.16980431895083303
3,4,5,0.3461322690241343
3,5,6,0.3864790354423938
3,5,8,0.7141956522540042
3,6,7,0.7853936147370283
3,6,8,0.8129144580436282
3,7,11,0.9264299620247105
3,8,9,0.9243872896580058
3,9,11,0.41137900221841606
3,10,11,0.7308657403080173
4,0,1,0.17840571071745615
4,0,10,0.951068881025007
4,1,2,0.42987458254256405
4,1,7,0.15871874965521
4,2,3,0.8118716352476124
4,2,4,0.9063086103319027
4,2,5,0.3625702814850996
4,2,9,0.23571044557166326
4,3,4,0.43919711281551854
4,3,7,0.1946979653311403
4,4,8,0.5245948111220496
4,5,6,0.7217109044146114
4,6,8,0.739381156884886
4,7,8,0.5573198708637233
4,8,11,0.5862097678129211
4,9,11,0.8694849389914426
4,10,11,0.48978824456867864
5,0,1,0.5536689517954801
5,0,2,0.36958136393786245
5,0,4,0.8245309722579025
5,0,6,0.2722156011978603
5,0,7,0.144853280240765
5,0,8,0.9907447748431878
5,0,10,0.36922599836238246
5,1,11,0.10606708654508998
5,2,3,0.9895705029512696
5,2,5,0.8062853462326063
5,3,9,0.18692903084840656
5,4,5,0.7033788761842891
5,4,9,0.48197168143077096
5,5,11,0.9842708054248535
5,6,9,0.2874840441293985
5,7,11,0.6860603215110529
5,8,9,0.3489412004518946
5,9,11,0.317245260456382
5,10,11,0.7967661400552982
6,0,1,0.5656684023569961
6,0,2,0.8763089509465197
6,0,10,0.38723095899449667
6,1,3,0.3542967563234498
6,1,4,0.445221445562031
6,1,5,0.7019108389286352
6,1,6,0.4178375719692816
6,1,7,0.5500559195857069
6,1,8,0.8292653557753331
6,1,9,0.8085934741959168
6,2,6,0.44140075893836883
6,2,7,0.7218773333746441
6,2,9,0.31710272288290836
6,3,9,0.5380055833919655
6,4,9,0.4793682853967952
6,5,11,0.9883893757845793
6,6,11,0.9726049222795321
6,7,11,0.758278832626573
6,8,11,0.9984743830981379
6,9,11,0.6254191063132771
6,10,11,0.786479000450182
7,0,1,0.18392191494614146
7,0,2,0.22019789339723816
7,0,3,0.4648221231069948
7,0,7,0.3337406634479795
7,0,8,0.9805267560479278
7,0,10,0.8373122498557868
7,1,11,0.28432552187236465
7,2,4,0.8694303271268713
7,2,5,0.9446366670587867
7,3,4,0.9645559342801242
7,3,5,0.309238230535312
7,4,5,0.12974268952659054
7,5,6,0.5639489653837628
7,6,9,0.5499085166369543
7,7,11,0.2011332931763219
7,8,11,0.5430301894860178
7,9,11,0.6740639827464722
7,10,11,0.71128150055349
8,0,1,0.8082111624491843
8,0,2,0.23706919764046708
8,0,3,0.7413436565226584
8,0,10,0.4065439883901104
8,1,5,0.31863257378435816
8,1,6,0.40632917959212367
8,1,8,0.5481448001190156
8,1,9,0.1569901232230907
8,2,4,0.23510639081539236
8,2,7,0.7982765161904544
8,3,4,0.1436275750694382
8,3,5,0.2938305909174725
8,3,6,0.29515303298388573
8,4,7,0.5243613008059596
8,5,8,0.7969652524492518
8,6,8,0.7539020410279295
8,7,8,0.8805468859463795
8,8,9,0.9980419313109747
8,9,11,0.6006307816703415
8,10,11,0.564335649870058
9,0,1,0.27200853434546834
9,0,2,0.4292859412904412
9,0,10,0.18050550782324087
9,1,4,0.5349234168095712
9,1,5,0.5864938475777
9,2,3,0.3710058462045721
9,2,5,0.6716611679693272
9,2,6,0.22066439817506034
9,2,8,0.704249936390371
9,3,4,0.8379423121141918
9,3,5,0.36140177182375954
9,3,6,0.5016430326144066
9,3,7,0.1912340304688883
9,4,5,0.5994205153050709
9,4,7,0.6095161302348414
9,5,6,0.5123915309194674
9,5,9,0.1430391682101505
9,6,9,0.2937831856212457
9,7,11,0.8645618861282895
9,8,11,0.14151764313702636
9,9,11,0.46809348124427586
9,10,11,0.1262680351298008
10,0,1,0.4931667121897021
10,0,10,0.7534094534108507
10,1,2,0.6188983971105366
10,1,3,0.3993489694129658
10,1,5,0.360066002876404
10,2,8,0.4281990222993257
10,3,4,0.2010365840893808
10,3,7,0.14858774213564202
10,4,5,0.5729109753627808
10,4,6,0.2573442950845559
10,4,8,0.8649312899476493
10,5,7,0.9273705339939913
10,6,11,0.4520408203181876
10,7,8,0.20566016592542086
10,7,9,0.4927286816668107
10,8,9,0.1429831728037717
10,9,11,0.4477585694589783
10,10,11,0.4136780111420508
11,0,1,0.8292113823325787
11,0,2,0.14861482638002385
11,0,4,0.5431368043119362
11,0,7,0.19514247395086837
11,0,8,0.9864294745594742
11,0,10,0.14989737720103066
11,1,3,0.1477053417003597
11,1,9,0.9456928346931704
11,2,5,0.29954813099327704
11,2,6,0.30958544982715896
11,2,9,0.3259788021147708
11,3,11,0.8712829025318354
11,4,11,0.9829895369359538
11,5,11,0.6218913965503197
11,6,11,0.5572953385336484
11,7,11,0.3440187921696721
11,8,11,0.8456708833584942
11,9,11,0.9802640688844154
11,10,11,0.9272599360168576
12,0,1,0.8047689529076756
12,0,2,0.7014602439237738
12,0,3,0.5276521675370924
12,0,10,0.3744864874513386
12,1,11,0.4930150066500011
12,2,4,0.6658183678335624
12,2,6,0.632446713644977
12,2,7,0.5064225878977393
12,3,5,0.26411620177136513
12,3,6,0.148472635711827
12,4,6,0.5983721475945177
12,5,7,0.5480718568154801
12,6,7,0.39952488487087146
12,6,8,0.699050011275229
12,7,9,0.5459139847424604
12,8,11,0.8773148823838153
12,9,11,0.48053184117860825
12,10,11,0.4068053016635619
13,0,1,0.5493529128636089
13,0,2,0.20334510814875412
13,0,3,0.9937961713053368
13,0,6,0.4960250717749637
13,0,10,0.7494148589731373
13,1,4,0.8345251235689359
13,1,5,0.1765109542324434
13,1,7,0.684119983995973
13,1,8,0.5665028845649147
13,1,9,0.7741318683928757
13,2,4,0.1748134023564405
13,2,7,0.9241786279439381
13,3,8,0.6950031707131777
13,3,9,0.9929112308901813
13,4,7,0.5331896720708041
13,4,8,0.48307221191160965
13,5,9,0.6526001406000443
13,6,7,0.7024429711415405
13,6,9,0.20187828490345677
13,7,8,0.7817792534735167
13,8,11,0.18368491743601703
13,9,11,0.7341189873475675
13,10,11,0.15751834094005163
14,0,1,0.9574051835316967
14,0,3,0.6751341687307262
14,0,6,0.49352283879894066
14,0,10,0.7589477535319529
14,1,2,0.612557832606027
14,1,4,0.4029204252916353
14,1,5,0.20684244511426447
14,1,9,0.38368529593139733
14,2,11,0.43625657097683046
14,3,4,0.8258582510157153
14,3,7,0.9040712556761185
14,3,9,0.41979730322164277
14,4,11,0.47896430443041826
14,5,8,0.9292993490324489
14,6,8,0.7139456715918634
14,7,8,0.6793824474861008
14,7,9,0.23458917972719018
14,8,11,0.7557948593462488
14,9,11,0.9483568160344146
14,10,11,0.5059474335887442
15,0,1,0.35435966894526894
15,0,2,0.3537995968507147
15,0,4,0.15433059173792657
15,0,5,0.28383925753945083
15,0,10,0.49243814786828244
15,1,3,0.7813221230684199
15,1,6,0.22751191179048363
15,1,7,0.40170013000231153
15,2,8,0.25296617417958317
15,3,9,0.28989416098136844
15,4,11,0.9984779187378459
15,5,11,0.27074891886971053
15,6,11,0.7814496500235965
15,7,11,0.11200581952745801
15,8,11,0.47776538566451965
15,9,11,0.979566141903394
15,10,11,0.17249853984956498
16,0,1,0.8750961768804
16,0,3,0.8967223016712481
16,0,6,0.6051509704576025
16,0,10,0.8770173778660001
16,1,2,0.20847176638499904
16,1,9,0.42204419382660296
16,2,4,0.5780413290808146
16,3,8,0.7713530182423654
16,4,5,0.29059303791352675
16,5,11,0.10374162992097512
16,6,7,0.6394042121956346
16,6,8,0.7035302539365634
16,6,9,0.23097628564157394
16,7,11,0.15736865362315774
16,8,9,0.15285079265937457
16,9,11,0.8303869740323866
16,10,11,0.9915100732823692
17,0,1,0.9811524937081871
17,0,2,0.47472453014737903
17,0,3,0.6558710424947638
17,0,10,0.3082920952367067
17,1,4,0.3625024280032596
17,1,7,0.5887868862899893
17,1,9,0.14673070357800194
17,2,5,0.2772940326517985
17,2,6,0.5562672217426005
17,3,4,0.22501575604005053
17,3,6,0.3930572079920066
17,3,8,0.1821444179564748
17,4,6,0.8105725080902499
17,5,8,0.41274435827413314
17,5,9,0.5224619785361331
17,6,7,0.9970406378337197
17,7,8,0.4721724634301091
17,7,9,0.6957241549661854
17,8,11,0.9195015378249287
17,9,11,0.38621450025419535
17,10,11,0.7178430283543916
18,0,1,0.8093811458632539
18,0,2,0.37270266472620783
18,0,3,0.3597296011323118
18,0,4,0.7947640876588558
18,0,9,0.6123808592444147
18,0,10,0.5973608064152738
18,1,6,0.5583990206009698
18,1,8,0.937229417405595
18,2,5,0.48953960027107
18,3,5,0.28748118625973246
18,4,7,0.7166572592278525
18,5,7,0.37451613754228874
18,6,8,0.13878018952530302
18,7,8,0.9372913806896077
18,8,11,0.35896300808680426
18,9,11,0.5620267633396021
18,10,11,0.4429580093241511
19,0,1,0.9693368803627586
19,0,2,0.586058286093268
19,0,5,0.1882592981971789
19,0,10,0.9403780018631944
19,1,3,0.700392520775687
19,1,4,0.30077574576551425
19,1,6,0.21276710388179143
19,2,3,0.12318080670505883
19,2,9,0.7797284737186195
19,3,7,0.6466982245180714
19,4,8,0.15068282054024065
19,5,9,0.8771463091725764
19,6,11,0.4366971548469373
19,7,9,0.19178811486106168
19,8,11,0.4521334376467032
19,9,11,0.5908079258088091
19,10,11,0.14121460929995272
20,0,1,0.9642378069993309
20,0,8,0.41603277709701836
20,0,10,0.28110467587568855
20,1,2,0.46172495568495187
20,1,3,0.9720919062303334
20,1,4,0.51395108903091
20,1,5,0.42789341273377934
20,1,6,0.3856963828347738
20,1,9,0.5021398730402256
20,2,6,0.9931947702794347
20,3,7,0.24058932674297306
20,3,9,0.4461345635502809
20,4,11,0.37282109588135326
20,5,11,0.5497300514317391
20,6,11,0.7054476515857306
20,7,11,0.8795044153739447
20,8,9,0.9179501444970551
20,9,11,0.4916751228158428
20,10,11,0.8847130901300635
21,0,1,0.960738211362498
21,0,2,0.7959377751756055
21,0,6,0.4086507672596146
21,0,10,0.8008421182974167
21,1,3,0.361946551309976
21,1,8,0.30110933029748843
21,1,9,0.9833108991642491
21,2,3,0.1903243226042962
21,2,5,0.4642215601639451
21,2,7,0.6686618597789067
21,2,8,0.900277437096213
21,3,4,0.6395783297021552
21,3,5,0.558085308272094
21,4,11,0.4605159455752693
21,5,9,0.5326848163048746
21,6,11,0.3080302538599744
21,7,11,0.39755977616166316
21,8,11,0.3379949623317312
21,9,11,0.6311980071882111
21,10,11,0.23945864163143574
22,0,1,0.6673746948371676
22,0,3,0.6614147669204408
22,0,4,0.35436234290740243
22,0,10,0.8599654319366077
22,1,2,0.44122109558777634
22,1,5,0.6224396894721406
22,2,8,0.2507062673538445
22,3,5,0.24156464944573755
22,3,8,0.31637247944124575
22,4,6,0.2023360769031626
22,4,7,0.24617890543856585
22,5,7,0.5456359757592687
22,5,9,0.32573166404729736
22,6,7,0.6114840792313966
22,6,9,0.8570622350676124
22,7,11,0.8947955091305886
22,8,11,0.7225611270745046
22,9,11,0.7540972553363238
22,10,11,0.8081058752097113
23,0,1,0.2743450054135552
23,0,2,0.1364118883249693
23,0,3,0.8056462211645417
23,0,10,0.9407271568353919
23,1,4,0.718447004276861
23,1,5,0.5411233545300553
23,1,6,0.5711514977687827
23,1,8,0.2390687308079054
23,1,9,0.5742833883185634
23,2,5,0.3901949971505009
23,2,7,0.16630856838706776
23,3,5,0.6132635814020679
23,3,6,0.7032828611526308
23,3,9,0.9690778854497805
23,4,5,0.15677136234657588
23,4,6,0.3877588312153918
23,4,9,0.18765665906871232
23,5,6,0.8512069345513877
23,5,9,0.997596497993354
23,6,8,0.2810709787962935
23,6,9,0.18527591968874227
23,7,11,0.770714263558918
23,8,11,0.8034028700955265
23,9,11,0.38427483212599156
23,10,11,0.41109583805159566
24,0,1,0.5681614012318206
24,0,3,0.5973946079069503
24,0,4,0.40163165755077035
24,0,10,0.5520534698313525
24,1,2,0.43857101341591787
24,1,5,0.5733825873492677
24,1,8,0.5282581663865651
24,2,6,0.6156100489089984
24,3,5,0.7220515685460169
24,4,11,0.12331646352124737
24,5,6,0.4151656217435685
24,5,7,0.7222578284019382
24,5,8,0.2530600525259868
24,6,8,0.9941880693231879
24,6,9,0.9417775451616981
24,7,8,0.7287329604012162
24,7,9,0.8240842032350641
24,8,11,0.2908630921668154
24,9,11,0.3257483826923193
24,10,11,0.19979235071209306
25,0,1,0.18251176107463868
25,0,2,0.29747564463769505
25,0,3,0.6542250471229439
25,0,4,0.4289013695699191
25,0,5,0.5746033837049577
25,0,10,0.19261760204922582
25,1,7,0.3413951311981922
25,2,11,0.7481976090709795
25,3,11,0.9443665098791584
25,4,6,0.10104714516953966
25,4,8,0.9563797094838108
25,4,9,0.5281420431406874
25,5,8,0.7059646558766771
25,6,7,0.6904625683425974
25,6,8,0.19882346534645762
25,7,9,0.45105767917642414
25,8,11,0.8611744458134042
25,9,11,0.4909007035880262
25,10,11,0.8758321118967589
26,0,1,0.5524433474440166
26,0,2,0.1035309651728496
26,0,3,0.9934380519525305
26,0,4,0.6372868054986949
26,0,7,0.15280692847834165
26,0,9,0.24536799804660336
26,0,10,0.49250836013606925
26,1,11,0.984456022203419
26,2,11,0.5526680917362387
26,3,8,0.2902375035910333
26,4,5,0.6072991765218011
26,5,6,0.15582841089729682
26,6,11,0.1862522695474017
26,7,11,0.7564717434763298
26,8,11,0.2104903906394353
26,9,11,0.20502294261848503
26,10,11,0.48694973215189075
27,0,1,0.45037183582500406
27,0,2,0.5640327463966761
27,0,3,0.22831057219435527
27,0,8,0.9530543126626968
27,0,10,0.7120097495838422
27,1,4,0.5690176273792298
27,1,7,0.9150565909224441
27,1,9,0.9131481238181821
27,2,4,0.6174148357502044
27,3,4,0.9122774362719235
27,3,5,0.8017685046036889
27,3,6,0.1191463101721552
27,4,6,0.3118642394148058
27,4,7,0.36700663557117963
27,5,11,0.4218685894880433
27,6,11,0.1557014626312645
27,7,11,0.33118199709383844
27,8,9,0.8689896301847768
27,9,11,0.8293943745976028
27,10,11,0.5637684369104866
28,0,1,0.18883862553429792
28,0,2,0.16554393140227974
28,0,3,0.5396479556804704
28,0,10,0.15785508797194406
28,1,4,0.1939299304069772
28,1,8,0.6569929219749229
28,2,8,0.22015536998564472
28,3,6,0.6610845404215199
28,3,8,0.5447267795593315
28,4,5,0.6548266525120795
28,4,7,0.5041707199128033
28,4,9,0.9307024752776147
28,5,9,0.3537886061725306
28,6,11,0.44715643311084097
28,7,11,0.8729984935971762
28,8,11,0.3050091541230938
28,9,11,0.794353631126711
28,10,11,0.8563060912878036
29,0,1,0.47679809451600386
29,0,2,0.8686340014035813
29,0,5,0.5728165696011901
29,0,10,0.5089145444815918
29,1,3,0.44369362645566557
29,1,8,0.19716433631480568
29,2,4,0.8620593287524478
29,2,8,0.9305979306433111
29,3,4,0.9114929498870734
29,3,6,0.45146328179699347
29,3,7,0.2984077613893627
29,3,9,0.6734923376364196
29,4,11,0.7547019464080946
29,5,7,0.3576528513933426
29,5,8,0.8329888295862726
29,6,11,0.9262233398508797
29,7,9,0.8295560852326656
29,8,11,0.1874985440067669
29,9,11,0.9181095581881055
29,10,11,0.5742732894327395
30,0,1,0.63076572265844
30,0,2,0.7447927850237955
30,0,4,0.4430759138851281
30,0,10,0.2479421739418703
30,1,3,0.9296425387754934
30,1,7,0.8760199980311052
30,1,8,0.3630022926508246
30,2,7,0.32517954831953527
30,3,5,0.8708342719906922
30,3,6,0.7467094309708863
30,3,9,0.4842259049594524
30,4,5,0.9931160208877806
30,5,9,0.6510116627706065
30,6,8,0.6316036938159088
30,7,8,0.4191998322711673
30,7,9,0.5357899841966846
30,8,9,0.8645678202193445
30,9,11,0.5392300621751976
30,10,11,0.45115272688513464
31,0,1,0.9045684040452524
31,0,2,0.544227043627022
31,0,4,0.41113627891649696
31,0,10,0.9013092632960665
31,1,3,0.8095444696187665
31,2,6,0.6885938671938973
31,2,9,0.3252657432993885
31,3,5,0.4306363669714217
31,3,6,0.4527389021958359
31,3,7,0.6086945498757429
31,3,8,0.8702834202102343
31,3,9,0.3935787894601831
31,4,6,0.6258904982821901
31,4,8,0.41499250468317994
31,4,9,0.48542887455034067
31,5,7,0.9101232750654069
31,6,11,0.9894084150605003
31,7,8,0.8870639132856387
31,8,9,0.2660816073498746
31,9,11,0.41584918290494155
31,10,11,0.9105310257903411
32,0,1,0.7510526975296558
32,0,2,0.8727614717284043
32,0,3,0.6725216708465156
32,0,4,0.6336558152604056
32,0,7,0.25703060195696104
32,0,10,0.6898121341271124
32,1,5,0.34337264427015257
32,1,9,0.953762220870236
32,2,5,0.8924301366983263
32,2,9,0.13355706441848708
32,3,5,0.9674196944134246
32,3,6,0.21302774771005553
32,4,5,0.33481350537457566
32,4,6,0.7167631541366745
32,5,11,0.8771414898097545
32,6,8,0.7791495620818927
32,7,9,0.8711199945337246
32,8,11,0.6563981082072495
32,9,11,0.5364908127200977
32,10,11,0.1232824984399107
33,0,1,0.6986948750914147
33,0,2,0.7793268290793529
33,0,4,0.8594776245147856
33,0,5,0.9010602853928812
33,0,6,0.6982824342471434
33,0,10,0.38170527128916776
33,1,7,0.30852788725566316
33,2,3,0.3858340726265339
33,2,8,0.437532866475411
33,3,11,0.8136027768217459
33,4,11,0.9520495000356162
33,5,11,0.43923820719861106
33,6,8,0.3034260262412464
33,6,9,0.24888236170367695
33,7,9,0.8775269136682514
33,8,9,0.2480473631857804
33,9,11,0.39984503803072813
33,10,11,0.46650351508541554
34,0,1,0.5799572198968443
34,0,2,0.250448294572404
34,0,4,0.5585250871688326
34,0,5,0.6589139716907381
34,0,10,0.5339163519431136
34,1,3,0.515038637588216
34,1,6,0.8946392016101412
34,1,7,0.10141797115094536
34,1,9,0.11844650200596395
34,2,7,0.8374912035265727
34,2,9,0.6519841779329314
34,3,11,0.8389331815482617
34,4,7,0.2198737652812951
34,4,8,0.904931602997378
34,5,7,0.18535848332762647
34,5,9,0.636264022931988
34,6,11,0.7378125852318703
34,7,8,0.23044518836954314
34,8,9,0.2858370468578796
34,9,11,0.4553871248175174
34,10,11,0.7681745037807387
35,0,1,0.2454739031944799
35,0,2,0.13005933652791582
35,0,4,0.8760853393633287
35,0,10,0.11917471790648777
35,1,5,0.8965617495599213
35,1,6,0.5764061739399767
35,1,8,0.7067323200836979
35,2,3,0.1897921325119734
35,2,8,0.6720244271829743
35,3,7,0.17228334603455284
35,4,6,0.410298306732937
35,4,8,0.6192805088554412
35,5,9,0.9239102638535653
35,6,11,0.12038157121425114
35,7,11,0.24874227801749546
35,8,11,0.9214464108057855
35,9,11,0.24200583568021558
35,10,11,0.7123747390853792
36,0,1,0.6277908387153676
36,0,2,0.5540463414511294
36,0,6,0.8665572776019111
36,0,10,0.273666607738384
36,1,3,0.6083977309208393
36,1,5,0.6404668658536086
36,1,7,0.9249759125189929
36,2,5,0.673852739222544
36,3,4,0.5893893175738291
36,3,7,0.7321756910929983
36,3,8,0.7089136582107564
36,4,8,0.7662919489291011
36,5,11,0.21097056855416313
36,6,8,0.7497819576968103
36,7,9,0.6982404451090354
36,8,9,0.7676476664886636
36,9,11,0.5829616780274428
36,10,11,0.871488830980564
37,0,1,0.3868812884733257
37,0,2,0.6813506821457619
37,0,3,0.45979293040436586
37,0,10,0.3746594397045261
37,1,5,0.17594674942324962
37,1,7,0.3751666491679648
37,2,11,0.5189340056911604
37,3,4,0.8217371781407278
37,3,6,0.31957700492422036
37,3,9,0.8162733592205818
37,4,5,0.4024504705577029
37,4,6,0.44753793913093465
37,4,9,0.38876938933201566
37,5,11,0.10608389557735426
37,6,8,0.7049113854673483
37,7,9,0.14768921759641118
37,8,11,0.4123495242370695
37,9,11,0.39055165623200494
37,10,11,0.7517051018220426
38,0,1,0.47812000374734664
38,0,2,0.5519200763089465
38,0,3,0.576459965668372
38,0,10,0.5196093614787796
38,1,4,0.8828183032797742
38,1,5,0.40866336108921797
38,1,8,0.797183321187086
38,2,6,0.2981236880668481
38,2,7,0.6145656867815962
38,2,8,0.1664267176525701
38,3,4,0.121756395758644
38,4,5,0.3270452489318424
38,5,9,0.21120336803412418
38,6,9,0.6098974790962446
38,7,9,0.6016809658968943
38,8,11,0.4949656394647257
38,9,11,0.8924399770786657
38,10,11,0.5671436249953655
39,0,1,0.9227640590017877
39,0,2,0.31914408243171916
39,0,4,0.8249112228873074
39,0,5,0.7914876186670908
39,0,8,0.4818664984847114
39,0,10,0.7532544284744336
39,1,3,0.3887724360722302
39,1,6,0.31776746169749726
39,2,3,0.180350552216825
39,2,6,0.5080295808413863
39,2,9,0.6187233954725802
39,3,7,0.19610984269373355
39,4,9,0.14770721159666408
39,5,6,0.6957320865085923
39,5,9,0.14668709180035533
39,6,9,0.7445389250795375
39,7,9,0.3261580802169962
39,8,9,0.6577465782537688
39,9,11,0.30148372181389615
39,10,11,0.5081923193146036
40,0,1,0.27516400685371606
40,0,4,0.717869884242633
40,0,8,0.6715556679756424
40,0,10,0.7464901133432896
40,1,2,0.8734467591518279
40,1,6,0.6790528461889419
40,2,3,0.36502467247732584
40,2,6,0.8675999879351209
40,2,7,0.1211423078327739
40,3,5,0.7542028075930449
40,3,6,0.22306050800325938
40,3,7,0.899856836192232
40,4,6,0.7178556275539754
40,4,7,0.5225891157585694
40,4,9,0.8683725415137681
40,5,6,0.20922185047323116
40,5,7,0.7740696987276819
40,6,7,0.2847009807942622
40,7,11,0.7219283166411427
40,8,11,0.7163368217790165
40,9,11,0.5155603420303533
40,10,11,0.912371104202956
41,0,1,0.7293750838576789
41,0,2,0.35003530580987374
41,0,3,0.741794681120133
41,0,4,0.24019455139697346
41,0,6,0.9083216087365527
41,0,10,0.8278302020295447
41,1,5,0.7370740633308608
41,2,11,0.5801982131320844
41,3,5,0.6860176953302978
41,3,7,0.3858213432916059
41,4,9,0.6674476527118033
41,5,11,0.45493688069407556
41,6,9,0.6800032959257949
41,7,8,0.1462607630718979
41,8,11,0.787273469818813
41,9,11,0.7302760409636656
41,10,11,0.5810231929948925
42,0,1,0.47991228296125643
42,0,2,0.7067034761960617
42,0,3,0.3047095472778402
42,0,4,0.47705969126423087
42,0,6,0.5327710250691832
42,0,10,0.6794687165907031
42,1,5,0.4074246871131718
42,1,7,0.3188537080463136
42,1,8,0.6438151661190841
42,2,11,0.8107197462553218
42,3,5,0.2747666244168291
42,4,7,0.24678861476784805
42,5,7,0.1024240108448854
42,5,9,0.7911558098870036
42,6,7,0.592421491955059
42,7,8,0.21552906322673293
42,7,9,0.7275156938633418
42,8,11,0.6265359345682552
42,9,11,0.570509098936475
42,10,11,0.7556504226446139
43,0,1,0.731697890539521
43,0,3,0.6805735875237735
43,0,10,0.8724932827771827
43,1,2,0.8689276878948529
43,1,8,0.2872466057351155
43,1,9,0.19653320785172307
43,2,6,0.5692209277085073
43,2,7,0.5791960347473585
43,3,4,0.9839958102399278
43,3,5,0.6064420285540821
43,4,7,0.3514886282623858
43,4,9,0.2526542617351644
43,5,8,0.1932758301589858
43,5,9,0.970913473450071
43,6,7,0.8999027941029392
43,7,9,0.8568830747668815
43,8,11,0.6197992833710133
43,9,11,0.18150655376507568
43,10,11,0.6621720858069232
44,0,1,0.7621671567453747
44,0,2,0.9474198671282491
44,0,3,0.9273171904743068
44,0,10,0.8783680763896943
44,1,5,0.39138825151672463
44,1,6,0.8716804603304018
44,2,4,0.2518762613173888
44,3,9,0.4670539897840569
44,4,5,0.8503906583218486
44,4,6,0.48871084180071733
44,4,9,0.28280694158250963
44,5,6,0.5197555292411343
44,5,7,0.8428531735655194
44,6,8,0.8675175836193594
44,7,8,0.37843755429844506
44,7,9,0.5610561042984304
44,8,9,0.36488418548640067
44,9,11,0.3401223492119363
44,10,11,0.17414633080805608
45,0,1,0.7399107087742226
45,0,2,0.4503713163716755
45,0,10,0.23119307830989824
45,1,3,0.4071527188290276
45,1,4,0.7944637086143145
45,1,5,0.48320868634714087
45,1,7,0.402033567748566
45,1,8,0.9457324521589577
45,2,4,0.425513413051434
45,2,8,0.2315066098707828
45,3,11,0.8660925043597166
45,4,5,0.28250026385395133
45,4,8,0.7191608257241509
45,5,6,0.5682061756403447
45,5,8,0.3945291047005456
45,6,9,0.34115785470933724
45,7,11,0.8407539087778854
45,8,9,0.7892123751406507
45,9,11,0.7483028431717444
45,10,11,0.5550073915938485
46,0,1,0.8511596518406491
46,0,2,0.44002767079939153
46,0,3,0.224906357914596
46,0,4,0.4987619222888101
46,0,7,0.9046662786709386
46,0,10,0.43401328477856627
46,1,8,0.32738075978820735
46,2,5,0.3571975166208301
46,2,6,0.878974875693837
46,3,11,0.24401875039333173
46,4,6,0.17931963945981028
46,5,8,0.41986948780491096
46,6,11,0.1474706975413862
46,7,9,0.6889913302775876
46,8,11,0.47116060034791596
46,9,11,0.6093280980959584
46,10,11,0.14775226967355778
47,0,1,0.9809501813887496
47,0,2,0.5473554612512327
47,0,6,0.1394285918971788
47,0,10,0.483515848632894
47,1,3,0.8254756680826499
47,1,9,0.37695611402431983
47,2,3,0.3080931431975123
47,2,8,0.4671915639049655
47,3,4,0.8333638219748355
47,3,5,0.8835991069642215
47,3,9,0.1563857190095384
47,4,8,0.7226014603960423
47,5,9,0.5526342281008422
47,6,7,0.19054957388669524
47,6,9,0.37341558904921757
47,7,11,0.5391818630302075
47,8,11,0.7452990868032366
47,9,11,0.18552819465331444
47,10,11,0.7174686989616955
48,0,1,0.5187302040694648
48,0,5,0.6689313048318809
48,0,10,0.9503596702247221
48,1,2,0.8346504080761592
48,1,3,0.13197837978908594
48,2,4,0.8395416908958134
48,3,11,0.5981019642289417
48,4,6,0.4991519554312658
48,4,7,0.7812474708738097
48,5,6,0.4730962520955927
48,5,7,0.6159082162774145
48,5,9,0.985652274514216
48,6,8,0.1997287054771278
48,6,9,0.9824308896525256
48,7,11,0.33904798136189274
48,8,11,0.19459814750752824
48,9,11,0.9907305601534631
48,10,11,0.7960779340831992
49,0,1,0.25044093712253546
49,0,10,0.10399750485374462
49,1,2,0.3583697979318927
49,1,3,0.8034373263551182
49,1,5,0.34567714756432166
49,1,7,0.9485679944270057
49,1,9,0.889790594935843
49,2,4,0.5961944523199653
49,2,7,0.7710178802262089
49,3,4,0.7218135248968954
49,3,5,0.6297003098573858
49,3,6,0.6907778389041168
49,4,9,0.33886236625896277
49,5,9,0.9041202273821262
49,6,11,0.36560090131992795
49,7,8,0.5089510974940625
49,8,11,0.7875561748019864
49,9,11,0.221550377673786
49,10,11,0.8162518408503235
50,0,1,0.5751681781617333
50,0,2,0.1004228990800227
50,0,3,0.14759294213476554
50,0,4,0.340357241759312
50,0,5,0.46453062736414796
50,0,10,0.9037729090242352
50,1,6,0.9468125538086217
50,2,7,0.5234257539852762
50,3,7,0.4807981242960241
50,4,9,0.12714543714670212
50,5,7,0.9895522802387797
50,5,9,0.6566999623327908
50,6,7,0.8723646062039824
50,6,8,0.7660965176741686
50,7,11,0.6443521411597359
50,8,11,0.5325660461219447
50,9,11,0.9585848440099933
50,10,11,0.319415433749368
51,0,1,0.32536960440626983
51,0,2,0.28325411123286925
51,0,4,0.7938456563141175
51,0,5,0.4287015410810292
51,0,10,0.29578560098698375
51,1,6,0.35846551778937485
51,1,9,0.7994317078922518
51,2,3,0.7429902319660538
51,2,6,0.8196264380300243
51,3,6,0.8616098355584421
51,4,6,0.8097640193229392
51,4,8,0.3057125057803039
51,4,9,0.8978434838953198
51,5,7,0.15192320660620579
51,6,8,0.6631139003721523
51,6,9,0.6590921833904363
51,7,8,0.5049401644428794
51,8,11,0.6706339702168429
51,9,11,0.9862665575545327
51,10,11,0.28239277155935316
52,0,1,0.2174472437089072
52,0,5,0.5949265566672284
52,0,10,0.36128442220235313
52,1,2,0.4139888175234915
52,1,3,0.809144227275454
52,1,4,0.40299921069811184
52,2,7,0.5151262933509191
52,3,11,0.4254964808315669
52,4,8,0.8846679130052963
52,5,6,0.37696583011664897
52,6,9,0.7007228667415601
52,7,8,0.5287712124886544
52,8,11,0.41186203658188647
52,9,11,0.7016464903230746
52,10,11,0.34886414854278813
53,0,1,0.9491377505715143
53,0,2,0.22200810556778716
53,0,6,0.3812367809763362
53,0,10,0.40812743303870014
53,1,3,0.6961367044815946
53,1,9,0.2384248880885346
53,2,4,0.7969200930732677
53,2,9,0.9790809934516813
53,3,8,0.6089811527808764
53,4,5,0.19489986677913657
53,4,8,0.5051659159282726
53,5,8,0.7869965561499358
53,6,7,0.48871154317083887
53,6,8,0.3849942988719086
53,7,11,0.19205808427196747
53,8,11,0.7786943755014141
53,9,11,0.17293199022353065
53,10,11,0.6701923896194198
54,0,1,0.11695492453009254
54,0,2,0.9730992645424805
54,0,5,0.7950379230372506
54,0,10,0.8729288662213235
54,1,3,0.4345091430995319
54,1,6,0.32339283761434856
54,1,9,0.5454899219698939
54,2,3,0.8662686559885807
54,2,4,0.5193576789805989
54,2,7,0.48797472740352643
54,2,9,0.1893240601405503
54,3,6,0.18545575667138003
54,3,7,0.7059912241266377
54,4,9,0.6378064602677324
54,5,7,0.19475941289050328
54,6,8,0.825023826683273
54,7,11,0.8298585957385017
54,8,11,0.9998559781256388
54,9,11,0.193152842141612
54,10,11,0.784378404713004
55,0,1,0.9111983200042351
55,0,3,0.8794737347731858
55,0,4,0.31819828556853463
55,0,10,0.453131980977865
55,1,2,0.823698143066067
55,1,5,0.14795179819359833
55,2,5,0.13925498737446587
55,2,6,0.4203555588998684
55,2,7,0.15278639027594065
55,3,8,0.8649351431074108
55,3,9,0.4312980260401261
55,4,7,0.30166004007384833
55,5,9,0.9472141606693829
55,6,11,0.21782133779290452
55,7,8,0.9777183631071107
55,8,9,0.5537117646177021
55,9,11,0.1800754277349304
55,10,11,0.19051916331483293
56,0,1,0.8686111187300013
56,0,2,0.6366425469184748
56,0,3,0.4606965948789027
56,0,8,0.366082055789442
56,0,10,0.3561840200862363
56,1,5,0.9414512148738582
56,2,4,0.7461123681066684
56,2,5,0.11075579476758617
56,2,6,0.30676287279130254
56,2,7,0.904833550516859
56,3,6,0.3434764086210688
56,3,7,0.7877587534150795
56,3,9,0.9400683737531146
56,4,5,0.5873085365391003
56,4,6,0.39254745789401324
56,5,11,0.1843581992176161
56,6,7,0.5302847933563927
56,7,9,0.8869585002292315
56,8,9,0.6828585054811805
56,9,11,0.6206706319815626
56,10,11,0.4949197530445564
57,0,1,0.8594356143263124
57,0,10,0.19571031590495772
57,1,2,0.822042880548132
57,1,3,0.7776083030537903
57,1,4,0.30502004900506874
57,2,7,0.7792648917041702
57,3,5,0.8515916049680414
57,4,6,0.3722784906247636
57,4,8,0.9508687614252581
57,4,9,0.11188140072353286
57,5,6,0.901800142077599
57,5,7,0.32016128223434825
57,6,11,0.40445715522060277
57,7,11,0.4074629399517008
57,8,11,0.283920926826273
57,9,11,0.48812359568534525
57,10,11,0.4841855645646339
58,0,1,0.9351154214286792
58,0,3,0.5905797742082382
58,0,10,0.4057301707134533
58,1,2,0.8565537193872341
58,1,4,0.9283131833405831
58,2,4,0.3038511677432252
58,2,8,0.5402460404921375
58,2,9,0.9550821913256407
58,3,4,0.30321175259149347
58,3,5,0.8824621547519186
58,3,7,0.6448661398448031
58,4,5,0.34276151044070946
58,4,9,0.6401533884953182
58,5,6,0.28174794693882765
58,5,9,0.45775370458620457
58,6,11,0.804360377476473
58,7,11,0.10618008873959879
58,8,9,0.8338529093729014
58,9,11,0.33186084020242274
58,10,11,0.6202512504312849
59,0,1,0.5216668188285344
59,0,2,0.6593225624171426
59,0,5,0.9537223998865516
59,0,10,0.1605111072257825
59,1,4,0.6894385341363799
59,2,3,0.7511584612597229
59,2,4,0.6359327437444378
59,2,9,0.8466714397436321
59,3,8,0.6024465353707398
59,4,6,0.38336175677836104
59,4,9,0.8681724220918128
59,5,7,0.9649396139421793
59,5,8,0.8498116627097967
59,5,9,0.8338060837379745
59,6,11,0.9190540978954145
59,7,11,0.31187515234853075
59,8,9,0.1866222694229452
59,9,11,0.2637762278176183
59,10,11,0.6608488930175579
60,0,1,0.3261516835110581
60,0,2,0.4586912876995568
60,0,3,0.5575557788789166
60,0,10,0.5987527367567962
60,1,5,0.8245721294371272
60,2,4,0.7509562307995216
60,2,9,0.8672887069217908
60,3,7,0.6679329110896125
60,4,6,0.918276039954076
60,4,7,0.948675108512405
60,4,8,0.28718134131242756
60,5,7,0.15788634220338715
60,6,7,0.4162736474375768
60,7,9,0.884206217221124
60,8,9,0.24330919400101547
60,9,11,0.9216422360287588
60,10,11,0.629159102544039
61,0,1,0.5239237053910514
61,0,2,0.9137520769501046
61,0,3,0.27784888027553634
61,0,4,0.12361572008817073
61,0,5,0.6065881068926612
61,0,10,0.6193277333351334
61,1,7,0.8075090579745067
61,1,8,0.7909101096003827
61,2,6,0.1018309707563499
61,2,8,0.2913022841160712
61,3,11,0.12759691224231412
61,4,7,0.9118583674601952
61,4,9,0.4730957607971461
61,5,11,0.3302916940442019
61,6,7,0.7450498015227884
61,6,9,0.7639143851756263
61,7,11,0.5596414819828127
61,8,9,0.881263201432103
61,9,11,0.11698492720044668
61,10,11,0.7524409401336081
62,0,1,0.6867514945092039
62,0,2,0.7551655999724417
62,0,7,0.587459439058078
62,0,10,0.37301785842201307
62,1,3,0.5453379821618373
62,1,4,0.3033307807069625
62,1,6,0.732891982208708
62,1,9,0.7818232940186752
62,2,5,0.837107975928397
62,2,6,0.9041600388588305
62,2,8,0.9304192403744613
62,3,4,0.27587303038259736
62,3,5,0.5553362351332328
62,3,8,0.9340332591094761
62,4,11,0.44172262323542444
62,5,6,0.5641597834161769
62,5,8,0.3346817014873546
62,6,8,0.1247005799184751
62,7,11,0.5821156208205878
62,8,11,0.1228878913594702
62,9,11,0.1123411679970469
62,10,11,0.11815432901956273
63,0,1,0.9105208008789234
63,0,2,0.9762676733587948
63,0,3,0.2213453747413996
63,0,10,0.9791485678943974
63,1,6,0.18283705573938652
63,1,8,0.19556429852354723
63,2,4,0.3721691917186647
63,3,4,0.4236647521097813
63,3,5,0.4317638276678547
63,4,5,0.5775495890302174
63,4,7,0.15839624623666473
63,5,6,0.2903908766089788
63,5,9,0.8771862167244068
63,6,11,0.5964878088391811
63,7,8,0.9059453438213382
63,7,9,0.12485383749643675
63,8,11,0.6375695980166616
63,9,11,0.7692462858553443
63,10,11,0.6080247187336182
64,0,1,0.187108409833932
64,0,2,0.4211980360847597
64,0,10,0.48709696026363447
64,1,3,0.413239108494046
64,1,5,0.6267348236456317
64,1,7,0.26630193022115245
64,1,8,0.9085605427893938
64,1,9,0.9205354049477531
64,2,4,0.9749348236417271
64,2,8,0.45129091479916517
64,3,6,0.4788351186929123
64,3,8,0.7590064063634888
64,4,5,0.9645241441488899
64,4,9,0.7549263712973572
64,5,6,0.7566516526790239
64,5,7,0.6673300576803015
64,5,8,0.18903756593384474
64,5,9,0.2702657907567758
64,6,7,0.10274666779685443
64,6,9,0.6960379539974385
64,7,9,0.3860733814965377
64,8,9,0.6456658526301287
64,9,11,0.8581809639470577
64,10,11,0.3309163442264754
65,0,1,0.35234438804101753
65,0,2,0.9404292989410163
65,0,3,0.19914248561763392
65,0,10,0.6094643038585159
65,1,4,0.7974476646121016
65,1,5,0.2423514258098556
65,1,6,0.7206662007791281
65,1,7,0.9774444650015496
65,1,9,0.7822439373223673
65,2,7,0.11065189295541915
65,3,11,0.5785114799785829
65,4,5,0.8544714224305339
65,4,6,0.44583064523547467
65,4,7,0.15165884631418852
65,4,9,0.14372076438521597
65,5,8,0.4540683136664314
65,5,9,0.37883153896471433
65,6,7,0.7079894101597803
65,6,9,0.3808263126734889
65,7,8,0.3921882739836282
65,8,11,0.10097166582655026
65,9,11,0.8167441988709475
65,10,11,0.3326522401665544
66,0,1,0.9910406317290957
66,0,2,0.203635968780864
66,0,3,0.9103497644787958
66,0,6,0.7666689641681645
66,0,10,0.693164147685345
66,1,9,0.23651640429652154
66,2,4,0.3483311785851964
66,2,5,0.6352428050489753
66,2,8,0.9538755296805238
66,3,4,0.9161946299538296
66,3,5,0.4806722443190474
66,3,7,0.46722665079053805
66,4,11,0.8273126918406665
66,5,11,0.846106010051075
66,6,9,0.9609492984876407
66,7,8,0.47365311927858456
66,8,9,0.834951627549177
66,9,11,0.6762535805280455
66,10,11,0.9622011661703865
67,0,1,0.5715063004368114
67,0,2,0.9410348163301404
67,0,3,0.22085253709946437
67,0,4,0.30007164734275227
67,0,5,0.98702503240247
67,0,10,0.9342837876331589
67,1,11,0.37133619302165854
67,2,8,0.617866678346157
67,3,7,0.250809824959463
67,3,9,0.7647434603486709
67,4,6,0.7973335331125622
67,4,9,0.10925978854678647
67,5,11,0.9133262023729696
67,6,9,0.5062611526328463
67,7,11,0.1771248864070839
67,8,11,0.9072807792261409
67,9,11,0.6668392343425129
67,10,11,0.8952049002311511
68,0,1,0.16751680159190213
68,0,3,0.9699746401956886
68,0,4,0.4679656811270013
68,0,10,0.7299692005065563
68,1,2,0.19869103263454352
68,2,7,0.383761303615206
68,3,11,0.632053294834509
68,4,5,0.41549944417162443
68,4,6,0.25169926062979575
68,4,8,0.10455556509567482
68,5,7,0.1718661251070404
68,6,9,0.21850293716611208
68,7,11,0.6574777366852288
68,8,11,0.7978896788751253
68,9,11,0.37384268981237423
68,10,11,0.5888339423168973
69,0,1,0.20200275205937424
69,0,3,0.6157236335236712
69,0,6,0.4392354280837535
69,0,10,0.7324459091895852
69,1,2,0.1531600436276757
69,1,4,0.5613091571529952
69,1,5,0.22193845037956494
69,1,8,0.6299691662385001
69,2,5,0.8499491306436403
69,2,9,0.6340505940676724
69,3,5,0.37370686946729015
69,3,8,0.7406130501066521
69,4,7,0.7688093429010483
69,5,7,0.7877218985430345
69,5,9,0.9119022834760422
69,6,8,0.5884511897321395
69,7,9,0.5408803937000658
69,8,9,0.2720095797834846
69,9,11,0.4532232902729665
69,10,11,0.8810155639946354
70,0,1,0.7175592330826728
70,0,2,0.3779078933609298
70,0,3,0.17034694831901576
70,0,10,0.6819143213057163
70,1,7,0.9521474425456354
70,1,9,0.8100209618828452
70,2,5,0.7442869694430287
70,2,8,0.816254487132103
70,3,4,0.9804693953005463
70,3,8,0.6559505802464914
70,4,6,0.43737637545450514
70,4,7,0.327177679621431
70,5,9,0.38683054202348965
70,6,11,0.41718943002935616
70,7,9,0.7552723404929348
70,8,11,0.6390885487554043
70,9,11,0.3401211840506204
70,10,11,0.9853857995774681
71,0,1,0.6134836468525294
71,0,4,0.24726363467869902
71,0,10,0.34059835545359235
71,1,2,0.6699724801926679
71,1,3,0.1170334180256109
71,1,5,0.7244530359617678
71,1,8,0.46343609830431176
71,2,3,0.23668214165615856
71,3,5,0.18101948975487075
71,3,6,0.4367629585634901
71,3,7,0.913552286282964
71,4,7,0.726948217499726
71,5,11,0.6617642877346492
71,6,9,0.7525192967335282
71,7,11,0.5498954314596911
71,8,11,0.937357690052153
71,9,11,0.14724078672767124
71,10,11,0.10864492154092414
72,0,1,0.9365205606707608
72,0,2,0.5400570412692592
72,0,4,0.9673085458467838
72,0,10,0.14692295815763629
72,1,5,0.7137284842469895
72,1,6,0.7948848252961301
72,1,9,0.965472142271008
72,2,3,0.24241241650712153
72,3,8,0.6744870086559237
72,3,9,0.704666416514606
72,4,8,0.2660199999270167
72,5,7,0.5706534340689678
72,5,9,0.5720172834184823
72,6,7,0.8276615001263455
72,6,8,0.8971384628502364
72,7,11,0.741420718572511
72,8,11,0.6163603029633736
72,9,11,0.44670444219275307
72,10,11,0.6620808674596758
73,0,1,0.6771210055579144
73,0,2,0.7900879421836356
73,0,3,0.8539743558602171
73,0,4,0.5953819697726346
73,0,10,0.8411436483285029
73,1,5,0.7296918949511012
73,2,5,0.17572780372107888
73,2,6,0.47351955783514044
73,2,9,0.15810930178568125
73,3,5,0.26083774612158117
73,3,6,0.403515275148127
73,4,5,0.12175653800835172
73,4,6,0.32770520156022137
73,4,8,0.26737234303240576
73,5,7,0.7132384831215582
73,6,7,0.2984189314861707
73,7,11,0.5690572331737261
73,8,11,0.6506653903355961
73,9,11,0.43714526056803127
73,10,11,0.12990192943950002
74,0,1,0.6327465313752464
74,0,3,0.651917995975346
74,0,4,0.7078373881317049
74,0,6,0.17173013652404495
74,0,10,0.6676435570073721
74,1,2,0.2397259794596387
74,1,5,0.12388371230041834
74,1,7,0.8723067230369883
74,1,9,0.42502059348367294
74,2,8,0.20799934160190997
74,3,11,0.2115367276454105
74,4,5,0.49737015424317976
74,4,7,0.3157428513995526
74,4,9,0.8668379263549294
74,5,8,0.4078341850758681
74,6,7,0.7076417002670938
74,6,9,0.33841823907481083
74,7,8,0.656811287878484
74,8,9,0.17273641641980253
74,9,11,0.301889796565022
74,10,11,0.9691264238376598
75,0,1,0.2258861082280444
75,0,2,0.9342096131597658
75,0,3,0.4170773378448349
75,0,5,0.13370038659391545
75,0,9,0.5686692659497425
75,0,10,0.45840727454754915
75,1,6,0.8591104307520248
75,2,7,0.6607595338255473
75,2,8,0.14568701844688717
75,3,4,0.12183571719914424
75,3,6,0.8249835903157247
75,3,8,0.7803032541432781
75,4,6,0.6567685742850837
75,4,8,0.3731019931209023
75,5,8,0.9951698263309484
75,6,11,0.8845733291112109
75,7,8,0.5211127557676792
75,8,11,0.28906765450001803
75,9,11,0.31726959373927044
75,10,11,0.7887085948566395
76,0,1,0.48083266977595385
76,0,2,0.42040361569408247
76,0,10,0.4080176636993814
76,1,3,0.42854477293239557
76,1,4,0.9834309857401495
76,1,9,0.10499660433399971
76,2,4,0.5103917542225348
76,2,6,0.6921312945342961
76,3,8,0.2955119851679239
76,4,5,0.9539360689504164
76,4,6,0.35672890654099776
76,4,7,0.5019840436175746
76,4,8,0.5487297578575009
76,5,8,0.9809598736222123
76,5,9,0.35860502031118113
76,6,11,0.16702331075568222
76,7,8,0.1898770870424828
76,8,11,0.891887678092907
76,9,11,0.12664682313124867
76,10,11,0.6549654870472434
77,0,1,0.23275688993304708
77,0,2,0.6522983859608894
77,0,3,0.6619489439450996
77,0,6,0.22065618638931786
77,0,10,0.7194014431411787
77,1,8,0.1300544237950754
77,2,7,0.4992084762042214
77,3,4,0.6456375525133271
77,3,5,0.8332914973784902
77,3,9,0.6050414018637433
77,4,7,0.5034117815551322
77,4,8,0.6823214909074136
77,4,9,0.7677523132845253
77,5,8,0.46077234465223105
77,6,8,0.5630047592543465
77,7,11,0.8546494196607974
77,8,11,0.4425137326392543
77,9,11,0.9128872524801945
77,10,11,0.1479996166433399
78,0,1,0.1592931793912731
78,0,2,0.7435458908768214
78,0,4,0.5516251062975367
78,0,10,0.9097702038087042
78,1,5,0.9636149548018627
78,1,8,0.6449857171052847
78,2,3,0.25332842403406486
78,2,5,0.7987815859921054
78,2,7,0.9953695938204623
78,2,8,0.8086638358023703
78,3,11,0.8384608419087709
78,4,6,0.7918106488631562
78,4,7,0.9784678575929816
78,5,6,0.6917765925631285
78,6,11,0.39904714682182485
78,7,9,0.37611201703718833
78,8,9,0.15432006329019274
78,9,11,0.8344113336281225
78,10,11,0.29837180793733814
79,0,1,0.21718816971494415
79,0,3,0.9632101862854244
79,0,8,0.4043943393282995
79,0,9,0.32107192865720136
79,0,10,0.7959525644598162
79,1,2,0.7870972365459753
79,1,6,0.14880775784194622
79,2,4,0.4647842653466222
79,2,7,0.42213017040201095
79,3,6,0.21528695938915188
79,3,7,0.14689098032647363
79,4,5,0.22228015671627868
79,4,6,0.3661824501142833
79,4,7,0.35569503526989776
79,5,6,0.2851835478200918
79,6,11,0.45022579829148646
79,7,11,0.9752026659790862
79,8,11,0.12597424229703144
79,9,11,0.20397009226873652
79,10,11,0.6053344495733975
80,0,1,0.11175847790552056
80,0,2,0.8632602947978867
80,0,4,0.47687110129915244
80,0,10,0.21000438647437744
80,1,3,0.6983696277920959
80,1,9,0.6458427062667111
80,2,5,0.6512869680660521
80,2,6,0.7446998712357243
80,2,7,0.9122867925432945
80,2,9,0.4333040219824702
80,3,5,0.15717572140874403
80,3,6,0.9688062671185268
80,3,7,0.10445748965113516
80,3,8,0.1678319059782022
80,3,9,0.9988429402688939
80,4,5,0.7579383930484905
80,4,8,0.701986479551427
80,5,6,0.8339743811620915
80,5,7,0.5392614906461036
80,6,9,0.7295259287269609
80,7,11,0.9964337105266824
80,8,9,0.6104712985824285
80,9,11,0.29214264089055497
80,10,11,0.9526109418676348
81,0,1,0.9956032203130695
81,0,2,0.34129538549937827
81,0,10,0.3031125407428841
81,1,5,0.9718087051547663
81,2,3,0.23425020221526274
81,2,4,0.43518642403367847
81,2,6,0.23616133267029096
81,2,7,0.954952705522533
81,2,9,0.16944801531483414
81,3,4,0.18796598456491742
81,3,6,0.86969395158477
81,4,11,0.24270773554748287
81,5,9,0.7255556862172029
81,6,8,0.29879258432975386
81,7,9,0.4690801143711032
81,8,11,0.47426432689947573
81,9,11,0.14725089789584866
81,10,11,0.40622139721974393
82,0,1,0.23814549742657729
82,0,4,0.524796463160828
82,0,10,0.9816048718325876
82,1,2,0.9595910847459657
82,1,3,0.7501880864300893
82,1,7,0.5025264981122787
82,2,3,0.8616197259726622
82,2,5,0.7070133667752069
82,2,7,0.6681362136648457
82,3,8,0.923742742170631
82,4,6,0.443901004856072
82,5,6,0.6485179925708001
82,5,9,0.26075453605588716
82,6,11,0.12463776521374301
82,7,11,0.9136604767899617
82,8,9,0.5379271873476451
82,9,11,0.16516020465107462
82,10,11,0.675658180003129
83,0,1,0.9624936851475496
83,0,3,0.6725186358607987
83,0,10,0.7839279685637721
83,1,2,0.5521279727417138
83,1,4,0.3081752442005165
83,1,9,0.4287177315714008
83,2,4,0.5462338230741912
83,2,9,0.852322304195095
83,3,4,0.40420384569498313
83,3,6,0.9162181852023502
83,3,7,0.7509196972400107
83,4,5,0.8396442415400288
83,5,6,0.6881054825736695
83,5,8,0.61426506554668
83,5,9,0.26706470185678854
83,6,8,0.7095203205641661
83,7,11,0.3842335227310856
83,8,11,0.6616930009252634
83,9,11,0.42745552215366855
83,10,11,0.6437958820893412
84,0,1,0.36392280419531564
84,0,2,0.8541697556037688
84,0,3,0.14090817390254978
84,0,4,0.6577693675487786
84,0,7,0.5225859553933332
84,0,10,0.7603477169084051
84,1,5,0.4000387236804448
84,1,6,0.19279326098702548
84,1,8,0.5911474435287912
84,2,5,0.3297913091707704
84,3,6,0.616050155885328
84,3,9,0.23658311879973126
84,4,11,0.6695219297650045
84,5,11,0.2439508004951138
84,6,8,0.7297210180204108
84,7,11,0.4636772134306776
84,8,9,0.6771160420064206
84,9,11,0.1137384857521388
84,10,11,0.9918774293280731
85,0,1,0.6269455564035525
85,0,2,0.8798317876974938
85,0,3,0.7570388625844597
85,0,6,0.16996856910973457
85,0,10,0.45654017366965793
85,1,5,0.8297391835557624
85,2,4,0.45116373924248965
85,2,5,0.9551013982580698
85,2,9,0.2483641263897644
85,3,4,0.5149835803111643
85,3,7,0.13224627077207918
85,4,8,0.2415185136522403
85,4,9,0.5666206301285448
85,5,11,0.6483317154110021
85,6,11,0.6466423274766626
85,7,8,0.7946240933145251
85,7,9,0.3621940177772356
85,8,11,0.11200058525749834
85,9,11,0.7020907677328663
85,10,11,0.8927577688295936
86,0,1,0.8746357378341583
86,0,2,0.6928029118129783
86,0,3,0.8586217149732348
86,0,5,0.7632026705455405
86,0,10,0.873742709088825
86,1,4,0.5509864311346752
86,2,7,0.5880215515864914
86,3,4,0.3012201707801781
86,3,8,0.7865406629352142
86,4,6,0.9667568162656486
86,5,11,0.5493059470449358
86,6,8,0.39376852647397265
86,7,8,0.278368506886021
86,8,9,0.8411106660261827
86,9,11,0.308971193575946
86,10,11,0.3909353823066861
87,0,1,0.5922180330560114
87,0,5,0.8799248292694398
87,0,10,0.44247295092517824
87,1,2,0.3052295627475574
87,2,3,0.6896667537594434
87,2,4,0.36516627578407157
87,2,7,0.9073606529904712
87,2,9,0.7862979667336232
87,3,7,0.7497610472268363
87,3,8,0.8748322012058564
87,4,6,0.5964009044225145
87,5,11,0.763971711477049
87,6,11,0.3757650544371418
87,7,11,0.717588424178735
87,8,11,0.6474144445683551
87,9,11,0.11391300483859945
87,10,11,0.11352565339227656
88,0,1,0.25331478725430884
88,0,2,0.654271193369454
88,0,5,0.7708216924179466
88,0,7,0.48619385848116925
88,0,10,0.38538942502086326
88,1,4,0.5961651176276949
88,1,9,0.5973314856724157
88,2,3,0.1232685206803477
88,2,9,0.7122691342864881
88,3,4,0.35608655615919127
88,4,8,0.763886089558088
88,5,6,0.8138038142979067
88,6,8,0.5997655915268266
88,6,9,0.6109377063186255
88,7,8,0.33555825134354444
88,8,9,0.45511670620501454
88,9,11,0.5929223049958591
88,10,11,0.6586496558385206
89,0,1,0.24821980585832457
89,0,2,0.44450379886209057
89,0,4,0.6446404813504297
89,0,10,0.43299158989870457
89,1,3,0.6173007384205552
89,1,5,0.9475469636742488
89,1,6,0.7730533243496404
89,1,7,0.9869460994274694
89,2,3,0.918349080142948
89,3,8,0.7079633927154273
89,4,11,0.27104931997264137
89,5,6,0.17136224863044242
89,5,8,0.6352812400809128
89,6,9,0.9840545236552111
89,7,8,0.13315972945712692
89,8,11,0.7813395471336358
89,9,11,0.3810244142879422
89,10,11,0.5279616409971398
90,0,1,0.4641551029703437
90,0,2,0.34539703368371555
90,0,3,0.9707325690558763
90,0,10,0.1470191719910374
90,1,11,0.5691066680319733
90,2,4,0.35518650116174355
90,2,5,0.8363297104511002
90,2,8,0.1381505972278769
90,3,5,0.397890163471598
90,3,7,0.12365691940140132
90,4,7,0.9755724859884926
90,5,6,0.335795732272435
90,5,7,0.190832403279173
90,5,9,0.6158141490088112
90,6,9,0.12300505221825396
90,7,11,0.3728278220780835
90,8,11,0.8386746019453162
90,9,11,0.4389926175727411
90,10,11,0.7100711945043306
91,0,1,0.520571318767894
91,0,2,0.9071454577486311
91,0,3,0.7561040670870505
91,0,4,0.4132811577265715
91,0,10,0.2483097428012291
91,1,5,0.8271142412027019
91,2,7,0.9953163006099228
91,2,8,0.4955741575921603
91,3,7,0.2737083508659253
91,3,9,0.6686295018186976
91,4,7,0.3644658182354412
91,4,9,0.5576417243663263
91,5,6,0.6190819078046411
91,6,7,0.8779491132072175
91,7,9,0.5936665988602932
91,8,11,0.909856665601983
91,9,11,0.642831948012484
91,10,11,0.7289968976843859
92,0,1,0.3564419828532368
92,0,3,0.41964913117830094
92,0,5,0.5532301888079109
92,0,10,0.20125350189123814
92,1,2,0.5985162480989392
92,1,6,0.9919302604169368
92,1,7,0.257016923480826
92,2,11,0.5463737570853194
92,3,4,0.9474458120825404
92,3,9,0.18894324014018737
92,4,9,0.14638147836211252
92,5,7,0.9817502915639268
92,6,9,0.3553109469281217
92,7,8,0.4981704282026417
92,7,9,0.9772118818920241
92,8,9,0.64586825773005
92,9,11,0.43952941150108016
92,10,11,0.4688198681566206
93,0,1,0.7535272215714566
93,0,5,0.4788497602226661
93,0,9,0.5964009976179048
93,0,10,0.9515745409666294
93,1,2,0.14664085099690305
93,1,3,0.4103312761214237
93,1,4,0.7530569593592865
93,1,7,0.5737601703997263
93,2,8,0.20065601912230618
93,3,6,0.5626409686617999
93,3,7,0.1309907636868886
93,4,7,0.8028091695984406
93,4,8,0.5634010463452859
93,5,8,0.19120638464394268
93,6,11,0.7333180741188824
93,7,11,0.9208770685991302
93,8,11,0.2969058874379754
93,9,11,0.9185957990188233
93,10,11,0.8802525401794211
94,0,1,0.6282547012822166
94,0,2,0.8688666816237839
94,0,3,0.3429722789176197
94,0,4,0.5217439961192075
94,0,6,0.6846977094367772
94,0,10,0.6535732996265649
94,1,11,0.6834690171651864
94,2,5,0.7533423922279293
94,2,7,0.7885446179374388
94,3,7,0.4545290216669684
94,4,5,0.6696732879934941
94,4,8,0.34210583685285145
94,5,9,0.49485935065483977
94,6,8,0.19035074549065378
94,7,11,0.8121448316429843
94,8,11,0.3503024301527198
94,9,11,0.7740791049405128
94,10,11,0.6029555067687034
95,0,1,0.6308946103782292
95,0,2,0.27714048596390634
95,0,3,0.31176353767442977
95,0,10,0.12508042062570301
95,1,4,0.5570233035939295
95,1,6,0.6569043560374589
95,2,5,0.5482250216948704
95,2,7,0.24321701310671331
95,3,8,0.40019692398502116
95,4,6,0.17222161153329132
95,5,11,0.275010252355365
95,6,7,0.4165636213609556
95,7,9,0.4439566311788481
95,8,11,0.7929343419569922
95,9,11,0.45326779629922054
95,10,11,0.13373923704923527
96,0,1,0.31625323542048556
96,0,2,0.5629541487767851
96,0,3,0.359821589765838
96,0,10,0.5805160497877725
96,1,7,0.5209485279925736
96,2,4,0.5420707152591139
96,2,7,0.7542752602580899
96,2,9,0.20423495599802116
96,3,4,0.4126390049556812
96,3,6,0.3143456521614115
96,3,9,0.19827246950289257
96,4,5,0.5918363225264367
96,5,8,0.9721664751082469
96,6,11,0.5080728440474259
96,7,8,0.838109422499403
96,8,11,0.6459843286334085
96,9,11,0.8955621729749565
96,10,11,0.4807704726014397
97,0,1,0.9646287057738075
97,0,2,0.9362114916429818
97,0,6,0.5219589148339379
97,0,7,0.8430982595592621
97,0,10,0.20100240740604772
97,1,11,0.3939442019526517
97,2,3,0.7062478799527672
97,2,4,0.5709934653973948
97,2,8,0.5358886480306289
97,2,9,0.7858505023913489
97,3,11,0.5738837591676765
97,4,5,0.25721488360889383
97,5,11,0.3208475439601312
97,6,11,0.7664103738139448
97,7,9,0.5239759349473718
97,8,11,0.12859873851285478
97,9,11,0.20907099067364554
97,10,11,0.650741458334502
98,0,1,0.851729723756976
98,0,2,0.20118990971256742
98,0,3,0.6372683284311127
98,0,5,0.5355458139394889
98,0,10,0.6193425020403786
98,1,7,0.20430273588818143
98,2,4,0.8800780586414347
98,2,8,0.43682789059853444
98,2,9,0.36609881436344127
98,3,4,0.4179511857439753
98,3,7,0.31671037478118563
98,4,6,0.43585427738963034
98,4,8,0.3418946438104764
98,5,11,0.16812531677340925
98,6,11,0.8679752252468476
98,7,11,0.3116438182382266
98,8,11,0.31798371482005655
98,9,11,0.28585282503039866
98,10,11,0.28312162769925264
99,0,1,0.12553009908766116
99,0,2,0.6174599275193109
99,0,3,0.724022775161781
99,0,4,0.32516412730461564
99,0,6,0.5105093139508953
99,0,9,0.3082168751035495
99,0,10,0.2929534718961036
99,1,5,0.42401700565883094
99,2,5,0.22537178314184128
99,2,7,0.8831996142009276
99,3,7,0.9442675505839564
99,4,5,0.11504327284643878
99,4,8,0.4401710544632742
99,5,11,0.17573818272726838
99,6,7,0.9617264433700569
99,7,11,0.9168980280663793
99,8,11,0.19112737864348894
99,9,11,0.5760170176323329
99,10,11,0.20799159461317213
